vol_240m,vol_60m,vol_15m,vol_5m,trend_240m,trend_60m,trend_15m,trend_5m,momentum_15m,momentum_60m,vol_ratio_30v210,vol_ratio_5v30,range_60m,range_15m,up_pct_60m,up_pct_15m,dist_ma60,dist_ma240,abs_vol_60m,avg_candle_size_5m,vol_spike_15m,consec_direction,symbol,entry_time,tier,net_pnl_usd,entry_spread_pct,n_candles
0.46543129733330885,0.5258308177085904,0.5091078454550637,0.40404040404040437,2.0408163265306136,2.0408163265306136,3.0927835051546415,0.0,5.112985525356663,2.0408163265306136,9.6826866901729,3.880699521084996,5.999999999999991,4.99999999999999,91.66666666666666,100.0,1.7984390906006391,1.699224543412867,0.917441861866019,0.40000000000000036,19.31122454922,20,PHBUSDT,2026-04-05T12:59:22.052424+00:00,big_winner,3.95,2.3936,240
0.16286871435975067,0.15405863355957844,0.17599050769662092,0.17812926880386742,1.6597510373443882,0.30706243602864425,-0.44023027429733264,-0.16977928692699507,-1.053518178897,-0.2763280924545523,0.7727756823678984,0.54278346807365,1.5306122448979607,0.5442176870748267,68.33333333333333,73.33333333333333,0.18628742787042643,0.8403361344537843,0.3608227312786476,0.027187785131031122,4.703971167704107,-1,FTTUSDT,2026-04-05T11:07:38.070411+00:00,big_winner,2.29,1.089,240
0.8746059452720103,1.6513055728225252,3.23880544978151,1.9027050863190835,5.097451274362819,1.59420289855071,0.2861230329041371,-8.12581913499346,-2.963507690877263,1.4490650175637683,21.7504099542239,1.4738878787202652,39.37232524964337,39.229671897289585,65.0,53.333333333333336,0.10948731375256247,2.389950886417983,4.921673868658302,1.9405312019218868,8.765655945810087,-5,NEWTUSDT,2026-04-06T18:20:39.224962+00:00,big_winner,3.64,1.5981,240
0.2838222668948232,0.47051263998993337,0.8033793183701207,1.1511559410850545,-1.0303208713570888,4.215747055176675,5.7676174496644315,5.0296782255545045,6.907986514561805,5.932005814189563,7.387848809376592,2.146171885769801,6.295855641483246,5.889351576442584,48.333333333333336,73.33333333333333,4.753150851391969,2.075506626617528,0.9210409222131835,0.9909186305290225,8.061813262215187,5,BANANAS31USDT,2026-04-06T09:17:06.017826+00:00,big_winner,4.34,1.9268,240
0.3737584147688996,0.497776093643774,0.8660305818125509,1.2930195922701773,10.176678445229685,7.665745856353591,6.416382252559726,5.12474713418746,6.620741925584252,7.319245509853246,1.7574765599045694,5.212423425845909,8.146247594611921,6.735086593970487,63.33333333333333,80.0,6.180827515750045,7.90918739329056,1.1312009588521588,0.9607590857101952,28.059102106352082,4,GUNUSDT,2026-04-06T21:54:53.952030+00:00,big_winner,7.24,3.1989,240
0.5187684767156389,0.8650462229325778,1.546132440158563,1.682305160040333,13.939393939393938,11.904761904761916,9.941520467836257,8.357348703170029,8.155806182121962,12.201497809806435,31.992207460249652,1.8144556976932473,12.49999999999999,11.170212765957434,91.66666666666666,66.66666666666666,10.210063507572071,11.636192691194305,2.6854372932766783,1.7603633915869128,8.44650213757095,4,NILUSDT,2026-04-06T17:38:11.407596+00:00,big_winner,7.73,2.4427,240
0.42007508710159697,0.7603060409558704,1.3314444951166802,1.655736785964906,15.672306322350838,11.406518010291588,10.271646859083178,8.069883527454232,9.415482475521534,10.103303414288112,6.910235083037098,4.665797230049698,12.31716705157815,11.701308698999235,66.66666666666666,66.66666666666666,10.024139245330948,12.727391063815933,1.9568869646038174,2.004712713033924,15.220668400990075,3,MMTUSDT,2026-04-05T12:09:14.330364+00:00,big_winner,4.72,1.9993,240
0.8600172370159226,1.624414491059031,1.670972074858588,1.7759626870418903,29.720279720279724,26.62116040955632,-4.134366925064593,2.770083102493077,-18.971162177290104,24.53056807506155,8.567117837264812,0.722968427422783,25.336927223719673,9.433962264150933,65.0,33.33333333333333,9.606578364271998,22.675043399189875,9.040920964784567,1.3611125425795145,2.616359457278433,1,BANKUSDT,2026-04-06T17:29:51.793751+00:00,big_winner,4.62,2.6738,240
0.5082120353904633,0.97164278420711,0.7911284186612845,0.4298537347496748,13.786008230452683,9.722222222222225,-1.688888888888888,0.8204193254329972,-3.4067912397026308,7.5945626477541355,7.929261772551011,0.2911112784316809,16.455696202531637,5.424954792043405,66.66666666666666,46.666666666666664,2.7006113131625904,9.56009212557475,4.634250011813376,0.25385788759788613,1.0982652034517593,2,SUPERUSDT,2026-04-06T11:52:37.651823+00:00,big_winner,3.06,1.4969,240
0.17192059298489124,0.325093645249182,0.6256988115619481,0.9907306336050745,2.7366020524515386,2.5028441410693896,2.5028441410693896,2.6195899772209525,2.388948924668475,2.388948924668475,126.14114197695771,5.920398114736528,4.883462819089901,4.772475027746946,100.0,100.0,2.5378399908956526,2.663925670254295,0.33779041947549376,0.4661487236404006,58.32287961206791,20,1INCHUSDT,2026-04-05T00:00:06.428392+00:00,big_winner,2.9,2.1829,240
0.49918253047572736,0.9711537626417462,1.8595789995815175,2.6482289268481565,11.71648987463837,11.770381090207435,7.1197411003236235,6.0411899313501065,2.7278492084317256,12.441200448137485,139.69090509510042,2.701238404862269,14.199395770392757,12.47302546396202,83.33333333333334,66.66666666666666,9.971126844124527,11.24737175883599,2.760985745648289,1.9364327125662446,10.363983152836436,-1,OGNUSDT,2026-04-05T21:28:30.168929+00:00,big_winner,2.62,1.8524,240
0.576701410914903,1.1022645402191218,0.9162180429892386,0.5321370854354692,4.128440366972481,3.6529680365296766,-10.03963011889036,-4.488078541374474,-24.73659981586006,2.731309050354559,43.30628014596432,0.6782949506370798,15.85903083700441,13.215859030837002,53.333333333333336,26.666666666666668,0.23550191345306534,3.1740019695477693,4.308063356556781,0.9812269847458619,6.833667260017535,-4,PIXELUSDT,2026-04-07T09:59:36.740550+00:00,big_winner,2.81,2.1021,240
0.29587975553172047,0.25527967586110983,0.39956659828081265,0.6116207951070353,0.9118541033434674,1.2195121951219543,1.5290519877675883,1.5290519877675883,0.9136673723829712,3.3090644339279303,2.4790579754791864,4.582413779106856,3.3132530120482016,2.710843373493983,93.33333333333333,100.0,1.736465781409629,1.3418124006359171,0.3654452261490985,0.24096385542168738,31.038058129452125,20,TOWNSUSDT,2026-04-06T17:49:34.605979+00:00,big_winner,2.27,1.2756,240
0.5740339661841578,0.9520460382007147,1.8527711006650338,3.1671119225958084,7.608695652173912,3.5171102661596914,1.7757009345794383,0.9267840593141806,0.7369851649854782,3.135430876846716,7.5007633466267905,5.1732808538274595,13.131313131313139,11.753902662993578,60.0,53.333333333333336,2.2135314822057004,3.733632860096941,1.4612538521306755,2.0437298282537975,31.3328240450612,-2,ZBTUSDT,2026-04-07T08:17:42.913967+00:00,big_winner,11.89,6.0242,240
0.17532164815711132,0.1495982008746183,0.17039049748110494,0.1435769787380724,2.797202797202784,-0.2262443438914131,0.6849315068493069,0.0,1.1394769613947628,-2.3047662838452396,0.5006797432115478,0.9861977960840779,0.9070294784580524,0.6802721088435294,98.33333333333333,93.33333333333333,0.22347638347029686,1.5134948495137417,0.2829161917867145,0.0,7.628643542169606,9,USTCUSDT,2026-04-04T18:32:48.433120+00:00,big_winner,3.43,2.1081,240
0.4138480459100369,0.5691929161672138,0.9616504175457933,1.0909264739768192,12.375249500998013,11.154985192497536,9.00290416263311,6.126295947219609,6.725676439860837,12.709892869854198,6.768452749711715,4.398611846147192,14.120781527531094,11.989342806394326,75.0,73.33333333333333,9.900120376093962,10.491906500558091,2.2504577887893085,1.5289306187449907,22.215548792342155,9,BELUSDT,2026-04-06T08:29:20.796483+00:00,big_winner,2.69,1.6566,240
0.21317694462638226,0.2991523063098904,0.5216040540564799,0.6736615668720924,1.565626839317256,1.362781954887214,3.9142478622184664,2.519011406844103,6.0245991944514135,0.2461271675267815,4.034199893469628,2.758408320579786,4.670839128419106,4.670839128419106,46.666666666666664,73.33333333333333,2.113356714256973,2.0282771346428237,0.693694362784704,0.5412684320831153,13.705320056231159,6,DEXEUSDT,2026-04-06T05:37:00.399609+00:00,big_winner,2.83,1.6866,240
1.0907297166208716,2.0328493932484126,2.4468977595981434,2.448491940383117,15.447154471544708,15.072933549432733,2.3054755043227524,4.874446085672079,-9.992259123508966,15.072933549432733,14.905980852428193,1.1311447244395216,27.183098591549292,13.380281690140839,60.0,53.333333333333336,10.374132034407694,15.455758898020838,5.860378773029323,2.2527045142821946,4.485707500959841,-2,TREEUSDT,2026-04-06T15:05:40.878409+00:00,big_winner,3.05,2.0618,240
0.25207193413363854,0.41630597798883573,0.8155346388981025,1.0465679786186601,-0.31397174254317195,1.5187849720223756,0.7936507936507889,-2.2324865280985398,0.07422633321913585,1.7580194217831455,8.47694981670852,4.857816944183818,4.88188976377952,4.094488188976375,81.66666666666667,53.333333333333336,1.028850233347465,0.7923175619370145,0.9461542131626903,0.8417883476685478,25.15595231280855,-2,BABYUSDT,2026-04-07T14:37:17.816080+00:00,big_winner,3.76,2.2098,240
0.17896271445047146,0.3369142385996869,0.6327169405939967,1.0103270633497072,5.17647058823529,3.153846153846148,2.6799387442572766,2.6013771996939448,1.9860297234400186,2.456712149198579,24.96956741372077,5.5883000523467405,3.579418344519015,2.833706189410886,93.33333333333333,100.0,2.9835272434051374,4.000517029664566,0.4978583129659506,0.4772557792692034,49.88934479036666,19,METUSDT,2026-04-06T10:16:51.298601+00:00,big_winner,2.6,1.8077,240
0.27416375386865915,0.4417451410609622,0.43781110992265554,0.43492083698717066,5.068175971186003,2.845630823470156,3.497212366953875,2.3558897243107855,2.833947060831418,1.4670247473915277,4.327432779826012,3.8112536618650603,9.941234084231148,9.2311459353575,58.333333333333336,66.66666666666666,3.1816880295093233,4.054490173763865,1.0346452855058983,0.618240077024798,14.119469121805102,9,MITOUSDT,2026-04-05T12:44:47.053670+00:00,big_winner,3.73,2.1832,240
0.2060019834731513,0.3711169093171658,0.6975976601817598,1.1577634354090167,3.5475792988313763,4.1124632815778455,3.418090871196333,2.4783147459727295,3.1673595715724354,4.07048175345023,5.184795611013772,4.198756013545271,4.191858121725107,3.546956872228936,68.33333333333333,73.33333333333333,3.469128165205842,3.8189340879489837,0.6037088886373071,0.6063197551391506,35.019201893043935,1,GIGGLEUSDT,2026-04-07T07:56:32.305886+00:00,big_winner,3.95,2.1834,240
1.6280521448967804,3.2245361187946147,6.418853411836248,2.457860055076876,6.82382133995036,6.165228113440185,4.617253948967191,-10.12526096033403,3.635658856942657,6.411230573464775,16.510589895739848,1.8235611791894122,33.681765389082464,32.055749128919864,61.66666666666667,60.0,3.5623358659262347,5.845472985432411,6.059690738264319,2.405175462003707,9.958859108941983,-4,MIRAUSDT,2026-04-06T14:25:58.327838+00:00,big_winner,2.13,1.8005,240
0.3979430904092697,0.7455606846952518,1.4551093212817594,1.834998464607901,1.2558869701726878,3.035143769968052,3.8647342995169045,-4.160475482912331,3.54163252245713,3.6700644048886883,32.031058777486344,2.037792640432572,12.713178294573638,12.325581395348832,88.33333333333333,80.0,2.3457541057308444,1.91921519570727,2.531500080712235,1.7158139489515143,14.250271084446661,-3,BIGTIMEUSDT,2026-04-07T01:02:50.727649+00:00,big_winner,2.25,1.4888,240
0.12945904250548115,0.11856242744385259,0.09288356075647644,0.06706343180405304,0.6877579092159566,-1.6129032258064417,-0.13642564802183202,0.2739726027397339,-0.00018586600547933554,-2.8373930217248065,0.6083248238154624,0.0609336104155454,2.0491803278688545,0.4098360655737822,86.66666666666667,86.66666666666667,-0.3607159872047744,-0.3041721523584772,0.42960304780997177,0.0,6.925888230159869,11,LUMIAUSDT,2026-04-05T17:00:53.488827+00:00,big_winner,3.58,1.2748,240
0.7478400429641225,1.3366578891404592,2.069036999455474,2.3075589490766837,20.27027027027027,14.346895074946477,10.788381742738595,8.536585365853663,9.100618029658422,11.48345895159847,2.3832286114501495,1.690889743508743,14.419475655430707,11.235955056179773,63.33333333333333,66.66666666666666,10.30399008503461,16.25755184237739,2.633451164059061,1.6448855542799194,4.311555648579674,3,AXLUSDT,2026-04-06T10:22:56.223358+00:00,big_winner,2.43,1.4858,240
0.22263038784670597,0.2747342075256401,0.3027676447314866,0.39215686274509837,3.5175879396984815,1.4778325123152585,0.4878048780487809,0.980392156862746,-0.002391200382592055,1.4778325123152585,1.7421582809959975,1.885034556086937,1.9417475728155225,1.4563106796116518,98.33333333333333,100.0,1.0051483206668146,1.5966956414524267,0.3736818947511167,0.0970873786407768,16.18054182321165,15,BANDUSDT,2026-04-06T02:30:18.773708+00:00,med_winner,0.71,0.7082,240
0.35535764145766163,0.4626117517057155,0.8137634398266792,1.1035427572744219,5.810397553516822,5.810397553516822,6.134969325153377,3.5928143712574814,5.827277017461068,7.90620593675036,5.445735509729221,3.568198508536079,6.358381502890177,5.780346820809251,93.33333333333333,100.0,5.772660111071499,5.550824298043777,1.0649815156464038,0.7573189706466501,17.76256531386556,20,TOWNSUSDT,2026-04-06T17:54:15.870078+00:00,med_winner,1.7,0.9578,240
0.21193139437746975,0.19648234323720268,0.17621510009537114,0.15296540780999074,2.3720349563046237,-0.9163226261202237,-1.9138755980861293,-0.7364067386260411,-1.240608271353456,-3.3400024941070123,1.3362836900802304,2.003684380553578,3.069105691056919,2.4491869918699285,58.333333333333336,33.33333333333333,-1.6537626097733227,1.5063916446347903,0.6801144681369531,0.24324843049221342,6.833816363200466,1,ONGUSDT,2026-04-04T21:43:40.444996+00:00,med_winner,0.64,1.4462,240
0.246749458665435,0.3556185270382973,0.5505673832903899,0.7040429498213134,8.108108108108105,6.194690265486734,5.032822757111606,3.6717062634989204,3.702445816978576,5.076122032824541,5.69349181877721,4.841162009277222,7.499999999999998,6.041666666666666,91.66666666666666,93.33333333333333,5.645427533839514,6.898279605812617,1.273144927301828,0.6721557430712143,20.294535641444742,9,AXLUSDT,2026-04-06T09:17:25.595787+00:00,med_winner,1.18,0.8784,240
0.3671305723727335,0.30211504763191915,0.30957476230906233,0.4527558926605203,-1.0628875110717508,0.5400540054005305,0.5400540054005305,0.9945750452079474,0.3597113543635551,0.719748524717684,0.5993393008938483,1.6987199220463711,2.059086839749338,1.611459265890788,70.0,66.66666666666666,0.9717514124293846,-0.06337371854613778,0.38621374158404204,0.25084952104659025,9.967914021420912,4,BELUSDT,2026-04-06T20:19:18.212261+00:00,med_winner,1.71,1.1028,240
0.14419554417337688,0.10126221791819329,0.11565904412960959,0.09552628183118912,-0.8958195089581886,-0.3004005340453793,-0.4001333777925905,-0.03346720214189725,-0.5002668891410627,-0.3337895156814358,0.3416680492631636,0.40420024941571786,0.4017408771342413,0.4017408771342413,86.66666666666667,73.33333333333333,-0.2054691545695928,-0.5697736994235504,0.11144749714595457,0.013391362571140139,10.277484600177567,1,FTTUSDT,2026-04-06T03:52:06.942145+00:00,med_winner,0.93,0.8631,240
0.1669833990033354,0.20520128134262325,0.31205556533699663,0.4779250485784515,0.8310249307479269,0.8310249307479269,1.1111111111111238,1.392757660167132,1.1111111111111238,1.3819891180757473,6.805387923973601,5.724272925263844,1.9230769230769207,1.9230769230769207,96.66666666666667,100.0,0.8915785097242246,0.6799585110061099,0.25849004173396867,0.16483516483516575,43.90335976997116,20,PHAUSDT,2026-04-06T21:09:50.860435+00:00,med_winner,1.01,0.895,240
1.6280521448967804,3.2245361187946147,6.418853411836248,2.457860055076876,6.82382133995036,6.165228113440185,4.617253948967191,-10.12526096033403,3.635658856942657,6.411230573464775,16.510589895739848,1.8235611791894122,33.681765389082464,32.055749128919864,61.66666666666667,60.0,3.5623358659262347,5.845472985432411,6.059690738264319,2.405175462003707,9.958859108941983,-4,MIRAUSDT,2026-04-06T14:25:34.808006+00:00,med_winner,1.72,1.6898,240
0.6695116487220084,1.3012845792982473,2.394744465758397,3.250366779311816,19.114688128772638,18.6372745490982,17.34390485629336,16.53543307086615,16.544704057092552,18.536973646390074,66.23702495161355,3.788352693293516,15.709459459459463,14.949324324324332,80.0,80.0,17.231591801709616,18.190703961734435,2.6680920828118793,3.0410829667468,13.955871262447653,5,MEUSDT,2026-04-05T12:49:03.040367+00:00,med_winner,0.66,0.9934,240
0.8922697577480883,1.7455178483651155,1.130084360216064,0.7101700578876609,19.688109161793367,22.067594433399602,0.9868421052631462,0.3267973856209159,-1.542668855951018,22.660479808893683,3.30513611974354,1.394721518038646,19.86970684039089,6.1889250814332275,65.0,60.0,5.522456461961501,16.672736773764456,5.265547426742234,0.6843641365547175,1.886463818678228,-1,FUSDT,2026-04-07T00:52:45.036808+00:00,med_winner,0.54,0.8372,240
0.4185663853062741,0.7262615191374264,1.2969851026624135,1.3945824237986841,12.235294117647049,9.529276693455788,8.224617129892229,3.6956521739130435,7.997215196975807,7.179100430236041,11.024367458272613,2.400023485488988,12.421383647798745,10.534591194968561,70.0,73.33333333333333,8.175019016616494,10.531670562904841,2.8184047160333847,1.4244705651026757,10.077219442173256,-1,DOLOUSDT,2026-04-05T11:34:42.975836+00:00,med_winner,1.61,0.8418,240
0.17494683547172238,0.15237344926283636,0.1794526481454464,0.11096242366628914,3.747072599531605,0.4535147392290262,0.6818181818181737,0.4535147392290262,0.22519717725196248,-1.3940603185076992,0.5023366537853282,0.9377695978234809,1.1286681715575553,0.902934537246052,98.33333333333333,93.33333333333333,0.6780046210370965,1.921085931209004,0.2859426589918155,0.0,11.061632159240819,13,USTCUSDT,2026-04-04T18:36:14.511432+00:00,med_winner,0.67,2.4839,240
0.08900391003516026,0.1060150279329684,0.12090265471030291,0.07426322798151834,1.5992474129821195,1.4084507042253533,0.4651162790697679,0.2785515320334213,0.4651162790697679,1.875740423851522,0.5533012765574065,0.9509925558311891,1.5740740740740677,0.648148148148141,96.66666666666667,100.0,0.8011200124445852,1.2088838909193136,0.43119121055268156,0.0,8.123114193269764,20,ALLOUSDT,2026-04-06T15:25:36.072953+00:00,med_winner,0.83,1.0469,240
0.3049185684450233,0.3079465844058266,0.5023568901481092,0.4654930932188738,-3.0487804878048808,1.2738853503184635,0.21008403361343678,-0.8316008316008267,0.21008403361343678,3.1488853503184595,0.8092477330302005,2.0243865867333595,3.563941299790357,1.8867924528301845,81.66666666666667,80.0,0.5904681568958151,-0.9697147948547014,0.8442285840574967,0.29315236862406935,10.48500519562114,-1,EDUUSDT,2026-04-05T16:56:28.332388+00:00,med_winner,0.82,0.9118,240
0.29290879551504806,0.4890988737290473,0.8212144325997423,1.0512965669416907,0.15712461946381606,5.231118448204711,6.874148590589965,6.084876222175999,7.859830267286388,6.675088348550465,7.985957927933942,2.4170670193693002,7.785076968330242,7.383076772232575,50.0,73.33333333333333,5.831324301047024,3.2187765267271233,1.1910643580094982,1.1937648400688334,7.397226698213635,6,BANANAS31USDT,2026-04-06T09:18:51.127815+00:00,med_winner,1.78,0.8503,240
0.1253622110213328,0.17533892743526083,0.30221958206304683,0.15479689633659116,4.310344827586212,2.1097046413502127,1.6806722689075528,0.0,1.2587313406374985,1.6859758277908934,6.49860456868251,0.25988830266153556,2.685950413223146,2.066115702479341,91.66666666666666,86.66666666666667,1.6521982637916655,2.9075639185669497,0.7340540257473043,0.0,9.65185071502099,7,VICUSDT,2026-04-06T08:10:52.862192+00:00,med_winner,0.93,1.0825,240
0.4686989084026927,0.5897139792306274,0.7133233480942681,0.71388583141906,4.511278195488721,4.511278195488721,1.4598540145985313,0.7246376811594158,-0.021627466882954104,5.9927596769702065,4.273074651837218,0.9581080414218006,4.316546762589927,1.4388489208633009,91.66666666666666,80.0,2.4192558025297535,3.039288361749436,1.093652978695671,0.5786827218643965,10.006462698624189,2,HFTUSDT,2026-04-05T13:31:46.690335+00:00,med_winner,0.92,0.8815,240
0.9482124813554599,0.7495845450140666,0.6684525410604596,0.5395747931742566,7.343749999999999,-6.657608695652173,-5.241379310344829,-3.1029619181946364,-4.420585876692308,-19.36817531127239,0.6017258225678778,2.063065331142644,8.588064046579333,6.259097525473069,35.0,26.666666666666668,-5.060229863878202,0.7116024799193802,1.6293095846685768,0.6046823717700132,4.276180903689477,-6,PIXELUSDT,2026-04-05T08:51:53.608776+00:00,med_winner,1.06,2.3468,240
0.15102293849262222,0.18702020759126967,0.3332549151718872,0.5115683268407558,-1.5500000000000096,-1.991040318566453,-1.8444666001994063,-1.599200399800104,-1.8943419119200993,-2.2905909925554644,3.6692523916755317,5.867924518613561,2.996444895886231,2.8948704926358473,81.66666666666667,66.66666666666666,-1.7465069860279594,-2.1280561682562302,0.2734664487708242,0.2941284960198466,46.2312660657919,-1,FORMUSDT,2026-04-05T15:07:13.110056+00:00,med_winner,0.92,1.3118,240
0.39309479566642724,0.43782720449136464,0.48220294029182487,0.6451861556225936,4.571428571428563,2.234636871508386,0.0,-1.6129032258064417,-1.666666666666676,1.104693368683534,4.3837099531619605,2.2762051999459483,5.464480874316944,3.2786885245901627,88.33333333333333,80.0,0.9655172413793384,2.6096301661098487,1.3980338382037067,0.6481179681167311,13.166274593175597,-2,CHRUSDT,2026-04-07T03:47:46.982121+00:00,med_winner,1.45,1.0256,240
0.18418732277469438,0.26314030194004046,0.4398656052410788,0.6414869558556705,1.4416775884665658,1.842105263157893,2.1108179419524937,1.9762845849802388,2.1108179419524937,0.7782754759238567,1.2896746944455773,4.311162871992398,2.4547803617571047,2.19638242894056,88.33333333333333,86.66666666666667,1.8599754342867203,1.8605339781868502,0.419936758862056,0.4406699849474426,17.364481926148784,7,LUMIAUSDT,2026-04-07T14:23:14.138290+00:00,med_winner,1.96,1.2203,240
0.34475825868213134,0.27317509789889977,0.2366695417251423,0.2780221809925228,2.150537634408584,-1.0416666666666676,-0.34965034965035,-0.34965034965035,-0.7005275426328065,-0.6956459054209927,0.1670474536926437,1.4815115391643245,3.157894736842089,1.0526315789473695,85.0,86.66666666666667,-0.5293467512070654,0.21831181960702442,0.5609407405739819,0.13986013986014,1.568700486953976,2,SNXUSDT,2026-04-06T00:11:38.103624+00:00,med_winner,0.53,0.7582,240
0.7607676119447976,1.387688740283552,1.3387318138938267,0.9575273366150219,21.580547112462014,19.047619047619058,0.0,-1.7199017199017181,-9.58904109589042,20.224089635854366,16.008856478368443,0.2499378674634382,25.5,12.250000000000004,70.0,60.0,8.249515132380136,16.0541586073501,7.5910642477157815,0.7403994000768166,3.2938458181183736,-1,NILUSDT,2026-04-06T18:06:27.618368+00:00,med_winner,0.99,1.3408,240
0.09975332947887006,0.10897654885395736,0.156417095646691,0.22105910171096566,0.2737583105201454,2.070063694267518,0.8654602675059105,0.7861635220125793,0.7078558545823485,3.366723812145707,2.3709293368640445,2.6731503139229074,2.2230889235569395,1.014040561622457,83.33333333333334,73.33333333333333,1.2531592249368355,1.0642491131257268,0.505201677182435,0.1799985598002199,16.862981217524915,3,OGUSDT,2026-04-07T16:02:20.528913+00:00,med_winner,1.01,1.2724,240
0.1551146758702036,0.20925747417785417,0.28567753201908946,0.40970811430662585,2.717692734331655,1.4794520547945174,0.542888165037999,1.0365521003818834,-0.4993499040788371,0.928487867466697,1.097724525280777,2.6513794721956634,2.267818574514022,1.619870410367161,78.33333333333333,80.0,1.0815875412758873,1.813250749031078,0.38843611851190524,0.2160946600540356,11.52530576614794,10,CETUSUSDT,2026-04-06T07:40:47.767712+00:00,med_winner,0.56,0.8579,240
0.10934184539485631,0.10643167763532896,0.06258462849579682,0.0,2.2187004754358135,0.07757951900699515,0.15527950310559452,0.0,0.23285902211256812,-2.54980901602485,0.480730285543681,0.08509124673458286,0.8527131782945874,0.31007751937985384,93.33333333333333,100.0,0.1423211282184257,1.7935524174324855,0.20251618375596636,0.0,3.391316164979045,20,METUSDT,2026-04-06T00:32:56.937059+00:00,med_winner,1.01,2.5266,240
0.8954892797308285,1.7553022841602226,0.686188766631134,0.40877951965193643,18.128654970760238,20.47713717693838,1.0000000000000027,-0.4926108374384178,0.3288590604026855,20.873176780898778,3.0902570033913563,0.7140716943408091,20.132013201320138,4.950495049504949,60.0,53.333333333333336,2.630687591735342,14.729269216206001,3.369955597669467,0.4285573205775597,1.1762633277669188,1,FUSDT,2026-04-07T00:57:19.403031+00:00,small_winner,0.08,0.8798,240
0.4592660450237741,0.6770147176630649,1.0261061090414778,0.9969473296495189,17.13147410358565,16.666666666666664,13.95348837209302,9.906542056074764,12.876113249664026,17.93992817499183,8.76216139789469,4.181741930903896,15.646258503401361,13.435374149659859,75.0,86.66666666666667,14.228359586213578,15.248451389767945,3.26553108903433,1.994607286237708,17.37109549686448,11,BELUSDT,2026-04-06T08:31:00.882121+00:00,small_winner,0.19,0.8365,240
1.418189665329342,2.4591548427408045,3.9742356185432675,2.7798902143082618,38.18350324374422,11.185682326621935,11.10283159463487,0.26899798251513884,12.787813279616552,-10.834335871740214,2.411067327464735,1.9331670796135854,24.547283702213292,21.797451374916164,50.0,66.66666666666666,8.382500817775426,26.29349897649466,4.9242282347012925,2.3057960429074678,4.312324645563482,1,REDUSDT,2026-04-06T10:04:39.765535+00:00,small_winner,0.44,1.2886,240
0.11919679476199323,0.08810227552869256,0.0953025575308647,0.12442576308165199,0.5008347245408908,0.5008347245408908,0.0,0.0,0.0,-0.0025209801570999675,0.7304440888922624,0.15738285289905568,0.6644518272425255,0.3322259136212554,93.33333333333333,93.33333333333333,0.1053156698631002,0.5988023952095706,0.19431903046347845,0.03327787021630545,23.540039418792492,12,GMXUSDT,2026-04-07T03:23:42.537747+00:00,small_winner,0.37,1.1912,240
0.14603361352496,0.1838196302666872,0.31064886690140153,0.46783967293637774,3.441617446615164,1.8452247819279708,1.2563931509895436,1.3127155412170268,1.1450841572228496,1.6098251630511544,1.8799772787205835,2.8576538680404266,2.382782475019222,1.7568903041616357,50.0,60.0,1.5811048213937153,2.304672909444769,0.3284940326302239,0.29507168877939455,18.8574466394835,3,DEXEUSDT,2026-04-05T02:52:41.846200+00:00,small_winner,0.44,0.7446,240
0.15137681191197677,0.2153462021818936,0.39576399272434104,0.6302535134926956,-5.292479108635098,-2.097902097902104,-1.6122364613476703,-1.6528925619834725,-1.5709141472980883,-0.7185917530745257,1.7486019403168396,4.691175648914152,2.6470588235294192,2.2268907563025184,61.66666666666667,73.33333333333333,-1.6894543351646327,-3.2146560663670956,0.2658555134553392,0.33585665671227205,31.919689197689973,-1,ORDIUSDT,2026-04-05T04:08:49.607384+00:00,small_winner,0.31,1.2632,240
0.11553956430000267,0.0968213905235314,0.10830849233234446,0.07359265086751353,-1.2621359223301019,-0.0655093350802599,0.2958579881656661,0.0,0.09822952966762757,0.4234085267189581,0.8485223968741288,0.6633434734067459,0.983284169124878,0.5571943625041085,55.00000000000001,53.333333333333336,0.23050936546960232,-0.24915913899103825,0.2415207579527204,0.0721204097275481,2.656373847782561,-1,BARDUSDT,2026-04-04T18:36:49.098898+00:00,small_winner,0.0,0.9034,240
0.6493708736294564,0.2864307492198494,0.32461564567896184,0.32029188162867356,-1.5174506828528112,-1.2176560121765632,0.46439628482972933,-0.9160305343511473,0.9266458996217249,1.7365537367156032,0.2511445468653945,1.1959176112480459,3.081664098613246,1.5408320493066296,60.0,53.333333333333336,-0.49318989088492765,-2.4390243902439037,0.5838991765360956,0.27626584826740025,1.6297171992416148,-3,PIXELUSDT,2026-04-07T12:07:03.677386+00:00,small_winner,0.29,1.0846,240
0.23321043404442862,0.26645499746929907,0.22046193212318485,0.15336860134339508,-2.4815560026827552,-0.47912388774811004,1.112656467315719,0.06882312456986461,0.41237635527089334,-0.34241848788480916,0.9508452898202532,0.5398725831646308,3.2324621733149925,1.3755158184319156,70.0,66.66666666666666,0.8438330828805976,-0.4987040537881716,0.9431897237818192,0.13758948790747566,0.9931448986256407,-1,GUNUSDT,2026-04-07T02:25:36.556510+00:00,small_winner,0.45,1.2173,240
1.0849736879932483,2.0183304978759744,2.593471983874506,2.673942533788235,17.39837398373984,16.828478964401295,-0.6877579092159566,5.2478134110787265,-18.70723842869647,17.471565781121548,13.932492647923258,1.034113064332841,26.731301939058167,16.48199445983379,61.66666666666667,53.333333333333336,12.507791398296284,17.482745060816033,5.736491918091919,2.4404431912419096,4.749653796133009,-1,TREEUSDT,2026-04-06T15:04:57.813979+00:00,small_winner,0.12,1.7184,240
0.7181177782688205,0.9849063507824383,1.4739196039378122,0.9848918152496838,30.910763569457224,29.36363636363637,22.884283246977553,11.34585289514868,19.02778100482509,29.454462884980604,4.188022302205725,1.7125844793041798,26.42304989458889,23.33099086437104,75.0,80.0,24.47152812199317,28.71664022131184,6.192388336633804,2.202911237184673,5.949688598580281,11,REDUSDT,2026-04-06T09:03:01.866605+00:00,small_winner,0.2,0.7095,240
0.5406206608148398,0.9039310115690057,1.5551515725992222,0.8390900000516032,18.78787878787878,16.320474777448066,11.363636363636353,7.397260273972606,6.912597787968694,16.320474777448066,45.67805819313076,2.7221449920684178,18.62244897959184,16.326530612244905,91.66666666666666,73.33333333333333,14.052953156822792,16.13954521887268,3.945334034683728,2.064450109976137,8.783070298546779,7,NILUSDT,2026-04-06T17:41:52.362853+00:00,small_winner,0.17,1.7537,240
0.3945081551039971,0.594050736820356,1.0186791230400207,0.5956333588608833,-9.646302250803856,-6.4891846921796965,-3.767123287671228,2.1818181818181874,-2.582690123542622,-3.895991823460078,3.487495376088294,1.550864678233886,11.032028469750887,7.117437722419917,61.66666666666667,60.0,-3.9069846969308437,-7.680935237026181,2.4506697847095453,0.6829923495801069,6.152494035495303,3,NOMUSDT,2026-04-05T13:05:13.357990+00:00,small_winner,0.06,0.9433,240
0.24251616149412752,0.16225536297397963,0.16179689776216555,0.1853924818558968,2.5242718446601993,0.5714285714285746,0.380228136882127,-0.189035916824202,0.5699814575652312,-0.19632574718946297,0.3734582607457059,0.44690197267496706,1.1363636363636294,0.5681818181818213,83.33333333333334,86.66666666666667,0.15174506828527454,0.9198423127463912,0.1759032339813306,0.07590132827324696,3.30348704844778,3,POLYXUSDT,2026-04-04T18:57:43.667513+00:00,small_winner,-0.0,1.3571,240
0.19802417460336547,0.2182695722275824,0.31235038828106726,0.44724287965230936,6.096131301289582,1.7997750281214895,1.5712682379349185,1.6853932584269755,1.6833758612533192,-2.788460265996154,1.3775048649649055,5.257025495508754,2.8729281767955777,2.54143646408839,90.0,100.0,1.6130843220180424,4.5442074711565,0.35385412987532405,0.22124139633939569,33.17424386353695,20,TUTUSDT,2026-04-05T10:32:13.259571+00:00,small_winner,0.08,1.1117,240
0.246749458665435,0.3556185270382973,0.5505673832903899,0.7040429498213134,8.108108108108105,6.194690265486734,5.032822757111606,3.6717062634989204,3.702445816978576,5.076122032824541,5.69349181877721,4.841162009277222,7.499999999999998,6.041666666666666,91.66666666666666,93.33333333333333,5.645427533839514,6.898279605812617,1.273144927301828,0.6721557430712143,20.294535641444742,9,AXLUSDT,2026-04-06T09:17:26.621694+00:00,small_winner,0.4,1.0005,240
0.5692977509166687,0.9706798813414365,1.6108738896522348,1.3448301281687134,7.6811594202898625,9.264705882352931,7.837445573294638,1.780821917808221,6.06491972395935,12.260426281782305,4.0818574363139986,1.1930836583710092,13.324360699865407,10.767160161507396,66.66666666666666,53.333333333333336,8.535813409943014,7.20082721140784,3.24743892820554,1.0929902123294695,5.8115987184409015,2,LITUSDT,2026-04-06T04:07:06.266813+00:00,small_winner,0.26,1.0188,240
0.19629059316948155,0.3177955738857407,0.5646172609415723,0.528771821738055,4.526534859521328,2.8673835125448104,0.34965034965035274,1.2600806451612914,-2.0020878916584337,2.790519561737751,18.360536706988075,0.6605297496903695,4.629168740667,3.3349925335988075,68.33333333333333,60.0,2.275185922101512,2.879016444511782,1.0045144969387587,0.3801706265178833,23.43248726702719,2,MITOUSDT,2026-04-05T11:48:55.793926+00:00,small_winner,0.09,0.9036,240
0.22199011021927337,0.1991482245613165,0.1651803515811496,0.19101887560546318,1.4285714285714324,0.0,2.342342342342347,1.1576135351736505,3.411861058919881,-0.2647837599293986,1.1717870827156494,1.9349570283767425,2.4647887323943634,2.2887323943662015,63.33333333333333,86.66666666666667,1.1215951575574374,0.4665148466691849,0.6165460621338945,0.3363975800811333,7.335869096700035,4,DUSKUSDT,2026-04-06T08:34:12.565003+00:00,small_winner,0.19,1.1655,240
0.1024578328670786,0.17355266064962668,0.3231330301970492,0.5088190424092165,-3.1249999999999893,-1.62601626016259,-1.3673415724428073,-1.3673415724428073,-1.1574229159222176,-1.286235810606905,12.373234392106617,5.288635166777836,2.2127432684617365,1.7595307917888585,58.333333333333336,60.0,-1.5752508068677642,-2.1930086644756686,0.253949410678273,0.28230799090837916,26.567854280457837,-2,CHZUSDT,2026-04-06T23:00:22.290088+00:00,small_winner,0.38,0.9497,240
0.14155891899823428,0.1412147286586598,0.08631274248613482,0.13840830449827002,1.3986013986014,0.34602076124567505,0.34602076124567505,0.34602076124567505,0.690848347452572,-0.0012014609765474953,0.34656413618965487,1.168078944545549,0.6896551724137938,0.3448275862068969,98.33333333333333,100.0,0.35180806274871645,0.45174419443760805,0.18410392409611148,0.0,1.6448783558845947,20,SNXUSDT,2026-04-06T05:56:27.498134+00:00,small_winner,0.06,0.8771,240
0.10934184539485631,0.10643167763532896,0.06258462849579682,0.0,2.2187004754358135,0.07757951900699515,0.15527950310559452,0.0,0.23285902211256812,-2.54980901602485,0.480730285543681,0.08509124673458286,0.8527131782945874,0.31007751937985384,93.33333333333333,100.0,0.1423211282184257,1.7935524174324855,0.20251618375596636,0.0,3.391316164979045,20,METUSDT,2026-04-06T00:32:16.414237+00:00,small_winner,0.25,2.5455,240
1.043444629546744,0.7328813695445519,0.6403508665015086,0.8677365573840171,-6.361445783132526,1.5682174594877172,1.0926118626430754,0.9350649350649329,-0.012069883806171793,8.20560154928762,0.41926460930311116,1.385319879018118,4.4776119402985,3.8085434894493,53.333333333333336,60.0,1.562908368616378,-3.1063644108296704,0.8188799797874133,0.7183009279332022,1.734380789322842,-1,STOUSDT,2026-04-05T01:21:35.329891+00:00,small_winner,0.08,0.8952,240
0.35760429745991656,0.6854261739725409,1.333110072522453,2.2808717925449606,-0.23148148148148812,0.2325581395348904,1.6509433962264133,1.4117647058823444,1.6509433962264133,0.2325581395348904,31.10376836758643,5.808883121274044,6.728538283062645,6.26450116009281,88.33333333333333,86.66666666666667,1.3640639698965291,0.5316202268375915,0.719522979340468,1.460462782968584,37.88822623387758,-1,ACXUSDT,2026-04-07T14:01:44.093524+00:00,small_winner,0.31,1.374,240
0.867944582643459,0.5649311120225766,0.25285838704319585,0.2375333671824964,-16.325660699062233,-0.20335536349771807,-1.9970044932601116,0.10198878123406718,1.426332054473734,1.6919064818888143,1.0157526118509976,0.8973241638627205,9.577177789098325,3.1584309730005153,50.0,33.33333333333333,-0.9894331565187422,-4.798855452363061,1.7105257876135216,0.18365284131812215,2.1467237083952004,1,REDUSDT,2026-04-07T12:03:44.313450+00:00,loser,-0.21,1.3414,240
0.12553931742171273,0.16912523738219978,0.11514630266971113,0.1039022181469552,-0.42105263157894485,0.4246284501061545,0.638297872340429,0.4246284501061545,0.638297872340429,0.8474614310786678,2.2759101233696604,2.308045586540827,1.2684989429175544,0.8456659619450413,91.66666666666666,100.0,0.6418667328628795,0.10670288097778052,0.3119670425261496,0.0,8.710311439455582,20,VICUSDT,2026-04-05T13:08:55.545705+00:00,loser,-0.24,0.7076,240
0.3216960364043057,0.3346461405133952,0.3864158983282483,0.0,0.0,0.0,0.0,0.0,0.0,0.0,1.1173498474238295,0.04352534838364955,2.1276595744680873,2.1276595744680873,78.33333333333333,66.66666666666666,-0.053163211057956794,-0.07529786951324262,0.23173306451571915,0.0,20.029118332502023,7,PHBUSDT,2026-04-07T08:19:43.209889+00:00,loser,-1.67,1.4122,240
0.40035859460342915,0.6472431366254423,0.6915169216527356,0.5020078439785974,5.8978873239436655,1.1349306431273767,-2.728926622195264,-0.7016095749071399,-2.7794878518443635,-3.0700627865703853,5.16066540822772,0.17944128164843634,6.826683291770565,4.800498753117206,58.333333333333336,53.333333333333336,-0.8935099528701704,3.9067135660035937,1.4276155157781798,0.39247412791106623,1.604295065136315,3,ONTUSDT,2026-04-06T04:08:08.088892+00:00,loser,-0.25,0.8156,240
0.14280740533964273,0.19039587271012848,0.2249675670785716,0.157884287933904,6.288532675708993,3.481392557022809,0.9367681498828982,0.3492433061699589,-0.008858327658483635,2.8775278227232914,1.9530213155822314,0.5977612127460852,3.480278422273785,1.2761020881670577,88.33333333333333,86.66666666666667,1.5611192930780806,4.1162349459741145,0.8839469317787533,0.0,5.232556717715033,12,HEIUSDT,2026-04-06T08:10:33.519115+00:00,loser,-0.15,0.953,240
0.7687963761901476,0.42897045670819917,0.37774330124657485,0.12183774645479653,3.1853785900783262,-0.8032128514056177,-2.1782178217821855,0.3555104113763363,-4.977200010077353,0.38726333907057925,0.5826294405592527,0.32484398391395797,4.099190283400808,3.6437246963562813,53.333333333333336,40.0,-0.48348106365832044,-1.2238708978663337,0.9331001719526197,0.10142532632846306,4.936036995101057,3,REDUSDT,2026-04-07T19:33:00.507864+00:00,loser,-3.21,1.225,240
0.1330795514943117,0.13816245196533786,0.17457765264317363,0.10456754995502944,1.0822510822510785,0.0,0.0,-0.42643923240939147,-0.4301075268817112,-1.3015184381778657,7.10952845697705,5.003061609750431,2.5695931477516085,2.5695931477516085,90.0,86.66666666666667,-0.03210960077063164,0.8793641935861611,0.194727661336404,0.042826552462525855,41.462932362071825,-1,HNTUSDT,2026-04-05T23:45:08.586531+00:00,loser,-0.04,0.7499,240
0.749340776125161,0.6505389340670942,0.48766335330361993,0.5660394157362977,-15.998197386209995,-6.753376688344165,-0.21413276231262512,-0.9564293304994664,1.0021549161643692,-6.156658637623128,0.6649142044063076,0.6453700195227783,10.193133047210294,2.789699570815456,46.666666666666664,60.0,-2.6614910616372778,-6.78019079054299,2.7338003961698614,0.45892109504252393,2.121887672523508,-1,REDUSDT,2026-04-07T12:45:25.139553+00:00,loser,-1.81,2.3857,240
0.11664646204255603,0.13282224117362545,0.1484068070731652,0.2535063811381709,2.110817941952512,1.044386422976504,0.259067357512954,0.259067357512954,0.259067357512954,1.5638669424570248,0.725663328230174,1.4250444464163627,1.2919896640826907,0.5167958656330762,96.66666666666667,100.0,0.39344545808292963,0.980669290482499,0.28610840514619307,0.05154639175257745,6.992815177091629,20,ZILUSDT,2026-04-06T02:52:28.267765+00:00,loser,-0.04,0.7439,240
0.3588159150731098,0.4141339278083262,0.4440277577314442,0.31249999999999806,1.5748031496063033,1.5748031496063033,-0.7692307692307646,0.0,-2.331730769230755,1.5748031496063033,3.4581090663536003,0.3773989055976426,3.100775193798458,2.3255813953488365,85.0,73.33333333333333,0.5978684689368411,1.4682747771368636,0.7583026849916723,0.31007751937984307,5.60904672441749,1,MBOXUSDT,2026-04-06T10:10:24.539401+00:00,loser,-0.02,0.8202,240
0.9342433990330884,0.8870345189696107,1.1846198409673505,0.7263556863698416,2.209631728045334,9.399636143117048,4.761904761904769,5.1282051282051295,3.8240384078602268,20.45680982164996,0.9004006088360281,1.7736784749354668,11.91796008869179,7.039911308203985,51.66666666666667,53.333333333333336,7.188481001376489,1.7324307368411178,2.5137137659560893,1.1313445588421385,3.5169984805037955,5,REDUSDT,2026-04-07T02:57:20.811373+00:00,loser,-1.38,1.3544,240
0.3138290938366504,0.19164799279583067,0.16331492911623582,0.21513696792019596,-4.500203169443319,-2.21551903474101,-1.2084909625893214,-0.18050541516245858,-0.7586531134419213,-3.149902236840749,0.868649361404273,1.1075013857498626,3.1060525476013106,1.8615040953089967,41.66666666666667,13.333333333333334,-1.5763557112794642,-3.0391167184295123,0.7377840818007129,0.1681655203609421,4.8155859591100425,1,ONGUSDT,2026-04-04T18:32:48.953113+00:00,loser,-0.36,0.8149,240
0.8941179074438012,1.7513227920289216,0.7495611853271384,0.5613474775577912,18.71345029239766,21.073558648111337,0.3294892915980239,-0.3273322422258601,-3.431194469085732,21.66644402360542,3.1905557489186793,1.554149719510005,20.032840722495905,5.090311986863718,63.33333333333333,53.333333333333336,4.346336169969732,15.63474105602935,4.978314165853451,0.554450101975368,1.8536728210439377,-2,FUSDT,2026-04-07T00:53:50.481809+00:00,loser,-0.15,0.8275,240
0.6695116487220084,1.3012845792982473,2.394744465758397,3.250366779311816,19.114688128772638,18.6372745490982,17.34390485629336,16.53543307086615,16.544704057092552,18.536973646390074,66.23702495161355,3.788352693293516,15.709459459459463,14.949324324324332,80.0,80.0,17.231591801709616,18.190703961734435,2.6680920828118793,3.0410829667468,13.955871262447653,5,MEUSDT,2026-04-05T12:49:27.660758+00:00,loser,-0.05,0.8908,240
0.46004523121600494,0.858409685710867,1.525729100628165,0.921268980224624,15.36697247706421,16.16628175519631,13.288288288288271,4.140786749482395,10.984140822850478,16.396696501740095,124.62023589872743,2.1077065179724586,17.296222664015907,15.109343936381697,86.66666666666667,80.0,12.759200448346721,14.816153392554805,5.016892911785336,1.2877076405672927,7.315937208789121,1,USTCUSDT,2026-04-05T14:31:06.532467+00:00,loser,-0.04,0.7103,240
0.43783557689650865,0.6444333769797741,0.681762578873499,0.3793690900288389,7.361963190184044,4.720744680851068,2.4723487312947308,0.5747126436781597,0.6168152654232879,4.52087792535474,1.864559069292761,1.3796722019314123,6.2857142857142945,4.380952380952379,63.33333333333333,60.0,2.4890190336749694,4.797101168016372,1.4100666061502072,0.38062564511124314,2.557978047334528,-1,GUNUSDT,2026-04-07T12:54:37.947035+00:00,loser,-0.21,0.8119,240
0.28253384396082354,0.3256531864213197,0.42101216441904726,0.4829990674595666,-4.470079307858676,-2.141802067946814,-1.9970414201183289,0.15117157974301262,-1.4088061260006648,-1.4086642380347898,1.460907510738745,0.9435161404661289,4.603773584905656,3.0188679245283043,43.333333333333336,40.0,-2.00791332322597,-3.364025891147774,0.9814964041346096,0.37662304991258455,12.270589359928051,-1,STOUSDT,2026-04-07T16:12:40.355675+00:00,loser,-0.04,0.8865,240
0.1528417476058262,0.09808998769539619,0.10657364617914954,0.11343308377419836,0.5586592178770916,-0.7717750826901942,0.22271714922048091,0.22271714922048091,0.996197812203913,-0.6616429240998903,0.17079628687504902,0.07875490195784665,1.3333333333333368,0.5555555555555716,91.66666666666666,100.0,-0.2677994274633173,-0.49751243781094423,0.33811252095049965,0.0,1.3022154923117213,20,XAIUSDT,2026-04-05T11:07:44.890727+00:00,loser,-0.6,0.8967,240
0.6398883707965061,0.9491417826942369,0.9232502255665316,0.8135260908015576,12.168986328365563,7.1663920922569995,-3.9852398523985295,-1.4713837498647626,-5.832120556790239,5.612854807362168,4.144246372547333,0.580436484765678,15.85593499505874,6.445591303392995,63.33333333333333,46.666666666666664,1.151987145430269,6.647721644801319,4.4017823529840285,0.7378951574736023,2.3967882074853915,1,ESPUSDT,2026-04-07T05:39:47.419567+00:00,loser,-0.74,0.8488,240
0.845322470758408,1.2096198400480005,0.9365410580886943,0.7775375799348239,14.765100671140944,4.6938775510204005,0.19531249999999203,1.3833992094861645,-1.79671937250997,-0.9095707248416796,1.1347058143778128,1.4462903058564305,9.74658869395711,4.288499025341132,56.666666666666664,60.0,1.3366695199841814,8.634655090264154,1.6254843603109428,0.6685450280308038,3.2182699272492767,3,AXLUSDT,2026-04-06T11:13:42.439465+00:00,loser,-0.28,1.0102,240
0.22640643003390462,0.34210439263691533,0.5728860084602726,0.4187136807175962,4.238410596026501,2.075226977950719,-0.3797468354430313,-1.6249999999999944,-1.6617981174943144,2.204760656707199,21.655379834076232,0.3386542905256143,4.320203303684879,3.5578144853875435,85.0,66.66666666666666,0.6823027718550064,1.9039551985152516,1.2334344752902329,0.3539274429453328,11.607779519768817,-2,LUMIAUSDT,2026-04-06T12:47:05.868132+00:00,loser,-0.13,0.81,240
0.3842102039284629,0.6748461275580833,0.5561935873376593,0.3894859108493012,6.945975744211681,2.3206751054852344,0.9365244536940696,0.6224066390041499,5.40968548749129,-1.2858822715639373,2.1663024825732684,0.6301588043430476,9.896907216494844,2.8865979381443325,56.666666666666664,66.66666666666666,-0.7029277281102867,4.184847549105166,2.0652385035432417,0.3931843928140558,0.907066982006424,1,ENSOUSDT,2026-04-07T11:18:36.918317+00:00,loser,-0.02,1.0329,240
0.12640375409125157,0.1112079965635395,0.08339520101963675,0.02618321537001353,0.666666666666683,0.3739094308267689,0.04140786749482951,0.0,-0.04147650880023189,0.7464259871181732,0.4362709022768533,0.9421287172817764,0.827814569536426,0.3311258278145596,53.333333333333336,60.0,0.04900302990564823,-0.293355985597006,0.1634715365800568,0.06623202117010947,1.0962731653688582,1,CELRUSDT,2026-04-06T02:55:20.762261+00:00,loser,-0.86,0.866,240
0.5979488740029082,0.7560207062632831,0.9471122163508874,0.704796142972245,6.7448680351906205,1.3927576601671348,-0.5464480874316954,-2.1505376344086073,-4.52372081470442,-2.665213354325617,1.3966455626256777,2.1088853154145895,9.065934065934066,4.945054945054946,55.00000000000001,53.333333333333336,2.309458003466527,4.528866287765484,2.194681528801597,0.6511949049590127,3.6215589840082,-3,REZUSDT,2026-04-07T16:56:20.390232+00:00,loser,-0.48,0.8852,240
0.5956918497124456,1.1424111038533842,0.6402125095636866,0.7669615909604045,6.220095693779911,2.968460111317249,-1.5957446808510602,0.36166365280289114,0.7419176568112841,0.7883653245873812,7.709174337547376,0.3914528300709077,16.486486486486484,3.963963963963965,60.0,46.666666666666664,-0.824969473151275,3.601554023310358,3.3593064986378334,0.6873363594643693,2.0402848117918273,2,ZRXUSDT,2026-04-06T07:09:25.473237+00:00,loser,-0.01,1.0035,240
